2023-02-10 00:00:00,Johns-Macbook,ASL Sender Statistics
2023-02-10 00:00:00,Johns-Macbook,ASL Sender Statistics
2023-02-10 00:00:00,Johns-Macbook,ASL Sender Statistics
2023-02-10 00:00:00,Johns-Macbook,Configuration Notice:
2023-02-10 00:00:00,Johns-Macbook,Configuration Notice:
2023-02-10 00:00:00,Johns-Macbook,Configuration Notice:
2023-02-10 00:00:00,Johns-Macbook,Configuration Notice:
2023-02-10 00:00:00,Johns-Macbook,Configuration Notice:
2023-02-10 00:00:00,Johns-Macbook,Configuration Notice:
2023-02-10 00:00:00,Johns-Macbook,Configuration Notice:
2023-02-10 00:00:00,Johns-Macbook,Configuration Notice:
2023-02-10 00:00:00,Johns-Macbook,Configuration Notice:
2023-02-10 00:00:00,Johns-Macbook,Configuration Notice:
2023-02-10 00:00:00,Johns-Macbook,Configuration Notice:
2023-02-10 00:00:00,Johns-Macbook,Configuration Notice:
2023-02-10 00:00:00,Johns-Macbook,Configuration Notice:
2023-02-10 00:00:00,Johns-Macbook,ASL Sender Statistics
2023-02-10 00:00:00,Johns-Macbook,ASL Sender Statistics
2023-02-10 00:00:00,Johns-Macbook,ASL Sender Statistics
2023-02-10 00:00:00,Johns-Macbook,ASL Sender Statistics
2023-02-10 00:00:00,Johns-Macbook,ASL Sender Statistics
2023-02-10 00:00:00,Johns-Macbook,[26180]: Alert: LogTime: 2023-Feb-10 01:32:14 AVAS: PID: 32842 : ProcMonitor: Failed to register kevent! error: 3(No such process)
2023-02-10 00:00:00,Johns-Macbook,ASL Sender Statistics
2023-02-10 00:00:00,Johns-Macbook,ASL Sender Statistics
2023-02-10 00:00:00,Johns-Macbook,ASL Sender Statistics
2023-02-10 00:00:00,Johns-Macbook,ASL Sender Statistics
2023-02-10 00:00:00,Johns-Macbook,ASL Sender Statistics
2023-02-10 00:00:00,Johns-Macbook,[26180]: Alert: LogTime: 2023-Feb-10 02:40:11 AVAS: PID: 32842 : ProcMonitor: Failed to register kevent! error: 3(No such process)
2023-02-10 00:00:00,Johns-Macbook,ASL Sender Statistics
2023-02-10 00:00:00,Johns-Macbook,[26180]: Alert: LogTime: 2023-Feb-10 02:42:37 AVAS: PID: 32842 : ProcMonitor: Failed to register kevent! error: 3(No such process)
2023-02-10 00:00:00,Johns-Macbook,ASL Sender Statistics
2023-02-10 00:00:00,Johns-Macbook,ASL Sender Statistics
2023-02-10 00:00:00,Johns-Macbook,ASL Sender Statistics
2023-02-10 00:00:00,Johns-Macbook,[26180]: Alert: LogTime: 2023-Feb-10 03:22:46 AVAS: PID: 32842 : ProcMonitor: Failed to register kevent! error: 3(No such process)
2023-02-10 00:00:00,Johns-Macbook,ASL Sender Statistics
2023-02-10 00:00:00,Johns-Macbook,ASL Sender Statistics
2023-02-10 00:00:00,Johns-Macbook,ASL Sender Statistics
2023-02-10 00:00:00,Johns-Macbook,ASL Sender Statistics
2023-02-10 00:00:00,Johns-Macbook,[26180]: Alert: LogTime: 2023-Feb-10 04:05:19 AVAS: PID: 32842 : ProcMonitor: Failed to register kevent! error: 3(No such process)
2023-02-10 00:00:00,Johns-Macbook,ASL Sender Statistics
2023-02-10 00:00:00,Johns-Macbook,ASL Sender Statistics
2023-02-10 00:00:00,Johns-Macbook,ASL Sender Statistics
2023-02-10 00:00:00,Johns-Macbook,ASL Sender Statistics
2023-02-10 00:00:00,Johns-Macbook,ASL Sender Statistics
2023-02-10 00:00:00,Johns-Macbook,ASL Sender Statistics
2023-02-10 00:00:00,Johns-Macbook,ASL Sender Statistics
2023-02-10 00:00:00,Johns-Macbook,ASL Sender Statistics
2023-02-10 00:00:00,Johns-Macbook,ASL Sender Statistics
2023-02-10 00:00:00,Johns-Macbook,ASL Sender Statistics
2023-02-10 00:00:00,Johns-Macbook,ASL Sender Statistics
2023-02-10 00:00:00,Johns-Macbook,ASL Sender Statistics
2023-02-10 00:00:00,Johns-Macbook,ASL Sender Statistics
2023-02-10 00:00:00,Johns-Macbook,ASL Sender Statistics
2023-02-10 00:00:00,Johns-Macbook,ASL Sender Statistics
2023-02-10 00:00:00,Johns-Macbook,ASL Sender Statistics
2023-02-10 00:00:00,Johns-Macbook,ASL Sender Statistics
2023-02-10 00:00:00,Johns-Macbook,ASL Sender Statistics
2023-02-10 00:00:00,Johns-Macbook,ASL Sender Statistics
2023-02-10 00:00:00,Johns-Macbook,ASL Sender Statistics
2023-02-10 00:00:00,Johns-Macbook,ASL Sender Statistics
2023-02-10 00:00:00,Johns-Macbook,ASL Sender Statistics
2023-02-10 00:00:00,Johns-Macbook,ASL Sender Statistics
2023-02-10 00:00:00,Johns-Macbook,ASL Sender Statistics
2023-02-10 00:00:00,Johns-Macbook,ASL Sender Statistics
2023-02-10 00:00:00,Johns-Macbook,ASL Sender Statistics
2023-02-10 00:00:00,Johns-Macbook,ASL Sender Statistics
2023-02-10 00:00:00,Johns-Macbook,ASL Sender Statistics
2023-02-10 00:00:00,Johns-Macbook,ASL Sender Statistics
2023-02-10 00:00:00,Johns-Macbook,ASL Sender Statistics
2023-02-10 00:00:00,Johns-Macbook,ASL Sender Statistics
2023-02-10 00:00:00,Johns-Macbook,ASL Sender Statistics
2023-02-10 00:00:00,Johns-Macbook,ASL Sender Statistics
2023-02-10 00:00:00,Johns-Macbook,ASL Sender Statistics
2023-02-10 00:00:00,Johns-Macbook,ASL Sender Statistics
